--------------------------------------------------------
-- Archivo creado  - miércoles-septiembre-20-2023   
--------------------------------------------------------
--------------------------------------------------------
--  DDL for Table AUTH_GROUP
--------------------------------------------------------

  CREATE TABLE "DB_CONTROL_INCIDENCIAS"."AUTH_GROUP" 
   (	"ID" NUMBER(11,0) GENERATED BY DEFAULT ON NULL AS IDENTITY MINVALUE 1 MAXVALUE 9999999999999999999999999999 INCREMENT BY 1 START WITH 1 CACHE 20 NOORDER  NOCYCLE  NOKEEP  NOSCALE , 
	"NAME" NVARCHAR2(150)
   ) SEGMENT CREATION DEFERRED 
  PCTFREE 10 PCTUSED 40 INITRANS 1 MAXTRANS 255 
 NOCOMPRESS LOGGING
  TABLESPACE "USERS" ;
--------------------------------------------------------
--  DDL for Table AUTH_GROUP_PERMISSIONS
--------------------------------------------------------

  CREATE TABLE "DB_CONTROL_INCIDENCIAS"."AUTH_GROUP_PERMISSIONS" 
   (	"ID" NUMBER(19,0) GENERATED BY DEFAULT ON NULL AS IDENTITY MINVALUE 1 MAXVALUE 9999999999999999999999999999 INCREMENT BY 1 START WITH 1 CACHE 20 NOORDER  NOCYCLE  NOKEEP  NOSCALE , 
	"GROUP_ID" NUMBER(11,0), 
	"PERMISSION_ID" NUMBER(11,0)
   ) SEGMENT CREATION DEFERRED 
  PCTFREE 10 PCTUSED 40 INITRANS 1 MAXTRANS 255 
 NOCOMPRESS LOGGING
  TABLESPACE "USERS" ;
--------------------------------------------------------
--  DDL for Table AUTH_PERMISSION
--------------------------------------------------------

  CREATE TABLE "DB_CONTROL_INCIDENCIAS"."AUTH_PERMISSION" 
   (	"ID" NUMBER(11,0) GENERATED BY DEFAULT ON NULL AS IDENTITY MINVALUE 1 MAXVALUE 9999999999999999999999999999 INCREMENT BY 1 START WITH 1 CACHE 20 NOORDER  NOCYCLE  NOKEEP  NOSCALE , 
	"NAME" NVARCHAR2(255), 
	"CONTENT_TYPE_ID" NUMBER(11,0), 
	"CODENAME" NVARCHAR2(100)
   ) SEGMENT CREATION IMMEDIATE 
  PCTFREE 10 PCTUSED 40 INITRANS 1 MAXTRANS 255 
 NOCOMPRESS LOGGING
  STORAGE(INITIAL 65536 NEXT 1048576 MINEXTENTS 1 MAXEXTENTS 2147483645
  PCTINCREASE 0 FREELISTS 1 FREELIST GROUPS 1
  BUFFER_POOL DEFAULT FLASH_CACHE DEFAULT CELL_FLASH_CACHE DEFAULT)
  TABLESPACE "USERS" ;
--------------------------------------------------------
--  DDL for Table AUTH_USER
--------------------------------------------------------

  CREATE TABLE "DB_CONTROL_INCIDENCIAS"."AUTH_USER" 
   (	"ID" NUMBER(11,0) GENERATED BY DEFAULT ON NULL AS IDENTITY MINVALUE 1 MAXVALUE 9999999999999999999999999999 INCREMENT BY 1 START WITH 1 CACHE 20 NOORDER  NOCYCLE  NOKEEP  NOSCALE , 
	"PASSWORD" NVARCHAR2(128), 
	"LAST_LOGIN" TIMESTAMP (6), 
	"IS_SUPERUSER" NUMBER(1,0), 
	"USERNAME" NVARCHAR2(150), 
	"FIRST_NAME" NVARCHAR2(150), 
	"LAST_NAME" NVARCHAR2(150), 
	"EMAIL" NVARCHAR2(254), 
	"IS_STAFF" NUMBER(1,0), 
	"IS_ACTIVE" NUMBER(1,0), 
	"DATE_JOINED" TIMESTAMP (6)
   ) SEGMENT CREATION IMMEDIATE 
  PCTFREE 10 PCTUSED 40 INITRANS 1 MAXTRANS 255 
 NOCOMPRESS LOGGING
  STORAGE(INITIAL 65536 NEXT 1048576 MINEXTENTS 1 MAXEXTENTS 2147483645
  PCTINCREASE 0 FREELISTS 1 FREELIST GROUPS 1
  BUFFER_POOL DEFAULT FLASH_CACHE DEFAULT CELL_FLASH_CACHE DEFAULT)
  TABLESPACE "USERS" ;
--------------------------------------------------------
--  DDL for Table AUTH_USER_GROUPS
--------------------------------------------------------

  CREATE TABLE "DB_CONTROL_INCIDENCIAS"."AUTH_USER_GROUPS" 
   (	"ID" NUMBER(19,0) GENERATED BY DEFAULT ON NULL AS IDENTITY MINVALUE 1 MAXVALUE 9999999999999999999999999999 INCREMENT BY 1 START WITH 1 CACHE 20 NOORDER  NOCYCLE  NOKEEP  NOSCALE , 
	"USER_ID" NUMBER(11,0), 
	"GROUP_ID" NUMBER(11,0)
   ) SEGMENT CREATION DEFERRED 
  PCTFREE 10 PCTUSED 40 INITRANS 1 MAXTRANS 255 
 NOCOMPRESS LOGGING
  TABLESPACE "USERS" ;
--------------------------------------------------------
--  DDL for Table AUTH_USER_USER_PERMISSIONS
--------------------------------------------------------

  CREATE TABLE "DB_CONTROL_INCIDENCIAS"."AUTH_USER_USER_PERMISSIONS" 
   (	"ID" NUMBER(19,0) GENERATED BY DEFAULT ON NULL AS IDENTITY MINVALUE 1 MAXVALUE 9999999999999999999999999999 INCREMENT BY 1 START WITH 1 CACHE 20 NOORDER  NOCYCLE  NOKEEP  NOSCALE , 
	"USER_ID" NUMBER(11,0), 
	"PERMISSION_ID" NUMBER(11,0)
   ) SEGMENT CREATION DEFERRED 
  PCTFREE 10 PCTUSED 40 INITRANS 1 MAXTRANS 255 
 NOCOMPRESS LOGGING
  TABLESPACE "USERS" ;
--------------------------------------------------------
--  DDL for Table CORE_AREA
--------------------------------------------------------

  CREATE TABLE "DB_CONTROL_INCIDENCIAS"."CORE_AREA" 
   (	"ID" NUMBER(19,0) GENERATED BY DEFAULT ON NULL AS IDENTITY MINVALUE 1 MAXVALUE 9999999999999999999999999999 INCREMENT BY 1 START WITH 1 CACHE 20 NOORDER  NOCYCLE  NOKEEP  NOSCALE , 
	"NOMBRE" NVARCHAR2(200), 
	"DESCRIPCION" NVARCHAR2(300)
   ) SEGMENT CREATION IMMEDIATE 
  PCTFREE 10 PCTUSED 40 INITRANS 1 MAXTRANS 255 
 NOCOMPRESS LOGGING
  STORAGE(INITIAL 65536 NEXT 1048576 MINEXTENTS 1 MAXEXTENTS 2147483645
  PCTINCREASE 0 FREELISTS 1 FREELIST GROUPS 1
  BUFFER_POOL DEFAULT FLASH_CACHE DEFAULT CELL_FLASH_CACHE DEFAULT)
  TABLESPACE "USERS" ;
--------------------------------------------------------
--  DDL for Table CORE_ESTADO
--------------------------------------------------------

  CREATE TABLE "DB_CONTROL_INCIDENCIAS"."CORE_ESTADO" 
   (	"ID" NUMBER(19,0) GENERATED BY DEFAULT ON NULL AS IDENTITY MINVALUE 1 MAXVALUE 9999999999999999999999999999 INCREMENT BY 1 START WITH 1 CACHE 20 NOORDER  NOCYCLE  NOKEEP  NOSCALE , 
	"NOMBRE" NVARCHAR2(200), 
	"DESCRIPCION" NVARCHAR2(300)
   ) SEGMENT CREATION IMMEDIATE 
  PCTFREE 10 PCTUSED 40 INITRANS 1 MAXTRANS 255 
 NOCOMPRESS LOGGING
  STORAGE(INITIAL 65536 NEXT 1048576 MINEXTENTS 1 MAXEXTENTS 2147483645
  PCTINCREASE 0 FREELISTS 1 FREELIST GROUPS 1
  BUFFER_POOL DEFAULT FLASH_CACHE DEFAULT CELL_FLASH_CACHE DEFAULT)
  TABLESPACE "USERS" ;
--------------------------------------------------------
--  DDL for Table CORE_REQUERIMIENTO
--------------------------------------------------------

  CREATE TABLE "DB_CONTROL_INCIDENCIAS"."CORE_REQUERIMIENTO" 
   (	"ID" NUMBER(19,0) GENERATED BY DEFAULT ON NULL AS IDENTITY MINVALUE 1 MAXVALUE 9999999999999999999999999999 INCREMENT BY 1 START WITH 1 CACHE 20 NOORDER  NOCYCLE  NOKEEP  NOSCALE , 
	"CODIGO" NVARCHAR2(100), 
	"FECHA_REGISTRO" TIMESTAMP (6), 
	"DESCRIPCION" NVARCHAR2(500), 
	"OBSERVACIONES" NVARCHAR2(1000), 
	"AREA_ID" NUMBER(19,0), 
	"ESTADO_ID" NUMBER(19,0), 
	"USUARIO_ASIGNADO_ID" NUMBER(19,0), 
	"USUARIO_REPORTA_ID" NUMBER(19,0)
   ) SEGMENT CREATION IMMEDIATE 
  PCTFREE 10 PCTUSED 40 INITRANS 1 MAXTRANS 255 
 NOCOMPRESS LOGGING
  STORAGE(INITIAL 65536 NEXT 1048576 MINEXTENTS 1 MAXEXTENTS 2147483645
  PCTINCREASE 0 FREELISTS 1 FREELIST GROUPS 1
  BUFFER_POOL DEFAULT FLASH_CACHE DEFAULT CELL_FLASH_CACHE DEFAULT)
  TABLESPACE "USERS" ;
--------------------------------------------------------
--  DDL for Table CORE_USUARIO
--------------------------------------------------------

  CREATE TABLE "DB_CONTROL_INCIDENCIAS"."CORE_USUARIO" 
   (	"ID" NUMBER(19,0) GENERATED BY DEFAULT ON NULL AS IDENTITY MINVALUE 1 MAXVALUE 9999999999999999999999999999 INCREMENT BY 1 START WITH 1 CACHE 20 NOORDER  NOCYCLE  NOKEEP  NOSCALE , 
	"RUT" NVARCHAR2(100), 
	"TELEFONO" NVARCHAR2(100), 
	"FECHA_NACIMIENTO" DATE, 
	"ROLE" NVARCHAR2(20), 
	"USER_ID" NUMBER(11,0)
   ) SEGMENT CREATION IMMEDIATE 
  PCTFREE 10 PCTUSED 40 INITRANS 1 MAXTRANS 255 
 NOCOMPRESS LOGGING
  STORAGE(INITIAL 65536 NEXT 1048576 MINEXTENTS 1 MAXEXTENTS 2147483645
  PCTINCREASE 0 FREELISTS 1 FREELIST GROUPS 1
  BUFFER_POOL DEFAULT FLASH_CACHE DEFAULT CELL_FLASH_CACHE DEFAULT)
  TABLESPACE "USERS" ;
--------------------------------------------------------
--  DDL for Table DJANGO_ADMIN_LOG
--------------------------------------------------------

  CREATE TABLE "DB_CONTROL_INCIDENCIAS"."DJANGO_ADMIN_LOG" 
   (	"ID" NUMBER(11,0) GENERATED BY DEFAULT ON NULL AS IDENTITY MINVALUE 1 MAXVALUE 9999999999999999999999999999 INCREMENT BY 1 START WITH 1 CACHE 20 NOORDER  NOCYCLE  NOKEEP  NOSCALE , 
	"ACTION_TIME" TIMESTAMP (6), 
	"OBJECT_ID" NCLOB, 
	"OBJECT_REPR" NVARCHAR2(200), 
	"ACTION_FLAG" NUMBER(11,0), 
	"CHANGE_MESSAGE" NCLOB, 
	"CONTENT_TYPE_ID" NUMBER(11,0), 
	"USER_ID" NUMBER(11,0)
   ) SEGMENT CREATION DEFERRED 
  PCTFREE 10 PCTUSED 40 INITRANS 1 MAXTRANS 255 
 NOCOMPRESS LOGGING
  TABLESPACE "USERS" 
 LOB ("OBJECT_ID") STORE AS SECUREFILE (
  TABLESPACE "USERS" ENABLE STORAGE IN ROW 4000 CHUNK 8192
  NOCACHE LOGGING  NOCOMPRESS  KEEP_DUPLICATES ) 
 LOB ("CHANGE_MESSAGE") STORE AS SECUREFILE (
  TABLESPACE "USERS" ENABLE STORAGE IN ROW 4000 CHUNK 8192
  NOCACHE LOGGING  NOCOMPRESS  KEEP_DUPLICATES ) ;
--------------------------------------------------------
--  DDL for Table DJANGO_CONTENT_TYPE
--------------------------------------------------------

  CREATE TABLE "DB_CONTROL_INCIDENCIAS"."DJANGO_CONTENT_TYPE" 
   (	"ID" NUMBER(11,0) GENERATED BY DEFAULT ON NULL AS IDENTITY MINVALUE 1 MAXVALUE 9999999999999999999999999999 INCREMENT BY 1 START WITH 1 CACHE 20 NOORDER  NOCYCLE  NOKEEP  NOSCALE , 
	"APP_LABEL" NVARCHAR2(100), 
	"MODEL" NVARCHAR2(100)
   ) SEGMENT CREATION IMMEDIATE 
  PCTFREE 10 PCTUSED 40 INITRANS 1 MAXTRANS 255 
 NOCOMPRESS LOGGING
  STORAGE(INITIAL 65536 NEXT 1048576 MINEXTENTS 1 MAXEXTENTS 2147483645
  PCTINCREASE 0 FREELISTS 1 FREELIST GROUPS 1
  BUFFER_POOL DEFAULT FLASH_CACHE DEFAULT CELL_FLASH_CACHE DEFAULT)
  TABLESPACE "USERS" ;
--------------------------------------------------------
--  DDL for Table DJANGO_MIGRATIONS
--------------------------------------------------------

  CREATE TABLE "DB_CONTROL_INCIDENCIAS"."DJANGO_MIGRATIONS" 
   (	"ID" NUMBER(19,0) GENERATED BY DEFAULT ON NULL AS IDENTITY MINVALUE 1 MAXVALUE 9999999999999999999999999999 INCREMENT BY 1 START WITH 1 CACHE 20 NOORDER  NOCYCLE  NOKEEP  NOSCALE , 
	"APP" NVARCHAR2(255), 
	"NAME" NVARCHAR2(255), 
	"APPLIED" TIMESTAMP (6)
   ) SEGMENT CREATION IMMEDIATE 
  PCTFREE 10 PCTUSED 40 INITRANS 1 MAXTRANS 255 
 NOCOMPRESS LOGGING
  STORAGE(INITIAL 65536 NEXT 1048576 MINEXTENTS 1 MAXEXTENTS 2147483645
  PCTINCREASE 0 FREELISTS 1 FREELIST GROUPS 1
  BUFFER_POOL DEFAULT FLASH_CACHE DEFAULT CELL_FLASH_CACHE DEFAULT)
  TABLESPACE "USERS" ;
--------------------------------------------------------
--  DDL for Table DJANGO_SESSION
--------------------------------------------------------

  CREATE TABLE "DB_CONTROL_INCIDENCIAS"."DJANGO_SESSION" 
   (	"SESSION_KEY" NVARCHAR2(40), 
	"SESSION_DATA" NCLOB, 
	"EXPIRE_DATE" TIMESTAMP (6)
   ) SEGMENT CREATION IMMEDIATE 
  PCTFREE 10 PCTUSED 40 INITRANS 1 MAXTRANS 255 
 NOCOMPRESS LOGGING
  STORAGE(INITIAL 65536 NEXT 1048576 MINEXTENTS 1 MAXEXTENTS 2147483645
  PCTINCREASE 0 FREELISTS 1 FREELIST GROUPS 1
  BUFFER_POOL DEFAULT FLASH_CACHE DEFAULT CELL_FLASH_CACHE DEFAULT)
  TABLESPACE "USERS" 
 LOB ("SESSION_DATA") STORE AS SECUREFILE (
  TABLESPACE "USERS" ENABLE STORAGE IN ROW 4000 CHUNK 8192
  NOCACHE LOGGING  NOCOMPRESS  KEEP_DUPLICATES 
  STORAGE(INITIAL 262144 NEXT 1048576 MINEXTENTS 1 MAXEXTENTS 2147483645
  PCTINCREASE 0
  BUFFER_POOL DEFAULT FLASH_CACHE DEFAULT CELL_FLASH_CACHE DEFAULT)) ;
REM INSERTING into DB_CONTROL_INCIDENCIAS.AUTH_GROUP
SET DEFINE OFF;
REM INSERTING into DB_CONTROL_INCIDENCIAS.AUTH_GROUP_PERMISSIONS
SET DEFINE OFF;
REM INSERTING into DB_CONTROL_INCIDENCIAS.AUTH_PERMISSION
SET DEFINE OFF;
Insert into DB_CONTROL_INCIDENCIAS.AUTH_PERMISSION (ID,NAME,CONTENT_TYPE_ID,CODENAME) values ('1','Can add log entry','1','add_logentry');
Insert into DB_CONTROL_INCIDENCIAS.AUTH_PERMISSION (ID,NAME,CONTENT_TYPE_ID,CODENAME) values ('2','Can change log entry','1','change_logentry');
Insert into DB_CONTROL_INCIDENCIAS.AUTH_PERMISSION (ID,NAME,CONTENT_TYPE_ID,CODENAME) values ('3','Can delete log entry','1','delete_logentry');
Insert into DB_CONTROL_INCIDENCIAS.AUTH_PERMISSION (ID,NAME,CONTENT_TYPE_ID,CODENAME) values ('4','Can view log entry','1','view_logentry');
Insert into DB_CONTROL_INCIDENCIAS.AUTH_PERMISSION (ID,NAME,CONTENT_TYPE_ID,CODENAME) values ('5','Can add permission','2','add_permission');
Insert into DB_CONTROL_INCIDENCIAS.AUTH_PERMISSION (ID,NAME,CONTENT_TYPE_ID,CODENAME) values ('6','Can change permission','2','change_permission');
Insert into DB_CONTROL_INCIDENCIAS.AUTH_PERMISSION (ID,NAME,CONTENT_TYPE_ID,CODENAME) values ('7','Can delete permission','2','delete_permission');
Insert into DB_CONTROL_INCIDENCIAS.AUTH_PERMISSION (ID,NAME,CONTENT_TYPE_ID,CODENAME) values ('8','Can view permission','2','view_permission');
Insert into DB_CONTROL_INCIDENCIAS.AUTH_PERMISSION (ID,NAME,CONTENT_TYPE_ID,CODENAME) values ('9','Can add group','3','add_group');
Insert into DB_CONTROL_INCIDENCIAS.AUTH_PERMISSION (ID,NAME,CONTENT_TYPE_ID,CODENAME) values ('10','Can change group','3','change_group');
Insert into DB_CONTROL_INCIDENCIAS.AUTH_PERMISSION (ID,NAME,CONTENT_TYPE_ID,CODENAME) values ('11','Can delete group','3','delete_group');
Insert into DB_CONTROL_INCIDENCIAS.AUTH_PERMISSION (ID,NAME,CONTENT_TYPE_ID,CODENAME) values ('12','Can view group','3','view_group');
Insert into DB_CONTROL_INCIDENCIAS.AUTH_PERMISSION (ID,NAME,CONTENT_TYPE_ID,CODENAME) values ('13','Can add user','4','add_user');
Insert into DB_CONTROL_INCIDENCIAS.AUTH_PERMISSION (ID,NAME,CONTENT_TYPE_ID,CODENAME) values ('14','Can change user','4','change_user');
Insert into DB_CONTROL_INCIDENCIAS.AUTH_PERMISSION (ID,NAME,CONTENT_TYPE_ID,CODENAME) values ('15','Can delete user','4','delete_user');
Insert into DB_CONTROL_INCIDENCIAS.AUTH_PERMISSION (ID,NAME,CONTENT_TYPE_ID,CODENAME) values ('16','Can view user','4','view_user');
Insert into DB_CONTROL_INCIDENCIAS.AUTH_PERMISSION (ID,NAME,CONTENT_TYPE_ID,CODENAME) values ('17','Can add content type','5','add_contenttype');
Insert into DB_CONTROL_INCIDENCIAS.AUTH_PERMISSION (ID,NAME,CONTENT_TYPE_ID,CODENAME) values ('18','Can change content type','5','change_contenttype');
Insert into DB_CONTROL_INCIDENCIAS.AUTH_PERMISSION (ID,NAME,CONTENT_TYPE_ID,CODENAME) values ('19','Can delete content type','5','delete_contenttype');
Insert into DB_CONTROL_INCIDENCIAS.AUTH_PERMISSION (ID,NAME,CONTENT_TYPE_ID,CODENAME) values ('20','Can view content type','5','view_contenttype');
Insert into DB_CONTROL_INCIDENCIAS.AUTH_PERMISSION (ID,NAME,CONTENT_TYPE_ID,CODENAME) values ('21','Can add session','6','add_session');
Insert into DB_CONTROL_INCIDENCIAS.AUTH_PERMISSION (ID,NAME,CONTENT_TYPE_ID,CODENAME) values ('22','Can change session','6','change_session');
Insert into DB_CONTROL_INCIDENCIAS.AUTH_PERMISSION (ID,NAME,CONTENT_TYPE_ID,CODENAME) values ('23','Can delete session','6','delete_session');
Insert into DB_CONTROL_INCIDENCIAS.AUTH_PERMISSION (ID,NAME,CONTENT_TYPE_ID,CODENAME) values ('24','Can view session','6','view_session');
Insert into DB_CONTROL_INCIDENCIAS.AUTH_PERMISSION (ID,NAME,CONTENT_TYPE_ID,CODENAME) values ('25','Can add area','7','add_area');
Insert into DB_CONTROL_INCIDENCIAS.AUTH_PERMISSION (ID,NAME,CONTENT_TYPE_ID,CODENAME) values ('26','Can change area','7','change_area');
Insert into DB_CONTROL_INCIDENCIAS.AUTH_PERMISSION (ID,NAME,CONTENT_TYPE_ID,CODENAME) values ('27','Can delete area','7','delete_area');
Insert into DB_CONTROL_INCIDENCIAS.AUTH_PERMISSION (ID,NAME,CONTENT_TYPE_ID,CODENAME) values ('28','Can view area','7','view_area');
Insert into DB_CONTROL_INCIDENCIAS.AUTH_PERMISSION (ID,NAME,CONTENT_TYPE_ID,CODENAME) values ('29','Can add estado','8','add_estado');
Insert into DB_CONTROL_INCIDENCIAS.AUTH_PERMISSION (ID,NAME,CONTENT_TYPE_ID,CODENAME) values ('30','Can change estado','8','change_estado');
Insert into DB_CONTROL_INCIDENCIAS.AUTH_PERMISSION (ID,NAME,CONTENT_TYPE_ID,CODENAME) values ('31','Can delete estado','8','delete_estado');
Insert into DB_CONTROL_INCIDENCIAS.AUTH_PERMISSION (ID,NAME,CONTENT_TYPE_ID,CODENAME) values ('32','Can view estado','8','view_estado');
Insert into DB_CONTROL_INCIDENCIAS.AUTH_PERMISSION (ID,NAME,CONTENT_TYPE_ID,CODENAME) values ('33','Can add usuario','9','add_usuario');
Insert into DB_CONTROL_INCIDENCIAS.AUTH_PERMISSION (ID,NAME,CONTENT_TYPE_ID,CODENAME) values ('34','Can change usuario','9','change_usuario');
Insert into DB_CONTROL_INCIDENCIAS.AUTH_PERMISSION (ID,NAME,CONTENT_TYPE_ID,CODENAME) values ('35','Can delete usuario','9','delete_usuario');
Insert into DB_CONTROL_INCIDENCIAS.AUTH_PERMISSION (ID,NAME,CONTENT_TYPE_ID,CODENAME) values ('36','Can view usuario','9','view_usuario');
Insert into DB_CONTROL_INCIDENCIAS.AUTH_PERMISSION (ID,NAME,CONTENT_TYPE_ID,CODENAME) values ('37','Can add requerimiento','10','add_requerimiento');
Insert into DB_CONTROL_INCIDENCIAS.AUTH_PERMISSION (ID,NAME,CONTENT_TYPE_ID,CODENAME) values ('38','Can change requerimiento','10','change_requerimiento');
Insert into DB_CONTROL_INCIDENCIAS.AUTH_PERMISSION (ID,NAME,CONTENT_TYPE_ID,CODENAME) values ('39','Can delete requerimiento','10','delete_requerimiento');
Insert into DB_CONTROL_INCIDENCIAS.AUTH_PERMISSION (ID,NAME,CONTENT_TYPE_ID,CODENAME) values ('40','Can view requerimiento','10','view_requerimiento');
REM INSERTING into DB_CONTROL_INCIDENCIAS.AUTH_USER
SET DEFINE OFF;
Insert into DB_CONTROL_INCIDENCIAS.AUTH_USER (ID,PASSWORD,LAST_LOGIN,IS_SUPERUSER,USERNAME,FIRST_NAME,LAST_NAME,EMAIL,IS_STAFF,IS_ACTIVE,DATE_JOINED) values ('1','pbkdf2_sha256$390000$nxJXN7fRbBEGcPcFGTl4t3$445iu+rAvfT1u3L/y1MxIQ5SyciisNPBl1z193GJ4N0=',to_timestamp('21/09/23 12:53:12,895634000 AM','DD/MM/RR HH12:MI:SSXFF AM'),'0','administrador','Default','Default','administrador@gmail.com','0','1',to_timestamp('21/09/23 12:53:02,521603000 AM','DD/MM/RR HH12:MI:SSXFF AM'));
Insert into DB_CONTROL_INCIDENCIAS.AUTH_USER (ID,PASSWORD,LAST_LOGIN,IS_SUPERUSER,USERNAME,FIRST_NAME,LAST_NAME,EMAIL,IS_STAFF,IS_ACTIVE,DATE_JOINED) values ('2','pbkdf2_sha256$390000$T3DD7mwSa902ZJlmOpbKrr$Bvx6Sxo+HAEX6FAK9G65Z3KPBDWRT8W0R1rQ9hkDGAI=',to_timestamp('21/09/23 01:01:26,825997000 AM','DD/MM/RR HH12:MI:SSXFF AM'),'0','anna','Anna','Gutierrez Martinez','anna@gmail.com','0','1',to_timestamp('21/09/23 12:55:58,771289000 AM','DD/MM/RR HH12:MI:SSXFF AM'));
REM INSERTING into DB_CONTROL_INCIDENCIAS.AUTH_USER_GROUPS
SET DEFINE OFF;
REM INSERTING into DB_CONTROL_INCIDENCIAS.AUTH_USER_USER_PERMISSIONS
SET DEFINE OFF;
REM INSERTING into DB_CONTROL_INCIDENCIAS.CORE_AREA
SET DEFINE OFF;
Insert into DB_CONTROL_INCIDENCIAS.CORE_AREA (ID,NOMBRE,DESCRIPCION) values ('1','SISTEMAS','Área de sistemas ');
Insert into DB_CONTROL_INCIDENCIAS.CORE_AREA (ID,NOMBRE,DESCRIPCION) values ('2','ETENCIÓN AL CLIENTE','Área de atención al cliente');
Insert into DB_CONTROL_INCIDENCIAS.CORE_AREA (ID,NOMBRE,DESCRIPCION) values ('3','RECURSOS HUMANOS','Área de recursos humanos');
REM INSERTING into DB_CONTROL_INCIDENCIAS.CORE_ESTADO
SET DEFINE OFF;
Insert into DB_CONTROL_INCIDENCIAS.CORE_ESTADO (ID,NOMBRE,DESCRIPCION) values ('1','PENDIENTE','El requerimiento está pendiente de atender');
Insert into DB_CONTROL_INCIDENCIAS.CORE_ESTADO (ID,NOMBRE,DESCRIPCION) values ('2','EN PROCESO','El requerimiento se está atendiendo');
Insert into DB_CONTROL_INCIDENCIAS.CORE_ESTADO (ID,NOMBRE,DESCRIPCION) values ('3','ATENDIDO','Se atendió el requerimiento');
REM INSERTING into DB_CONTROL_INCIDENCIAS.CORE_REQUERIMIENTO
SET DEFINE OFF;
Insert into DB_CONTROL_INCIDENCIAS.CORE_REQUERIMIENTO (ID,CODIGO,FECHA_REGISTRO,DESCRIPCION,OBSERVACIONES,AREA_ID,ESTADO_ID,USUARIO_ASIGNADO_ID,USUARIO_REPORTA_ID) values ('1','20230921010051',to_timestamp('21/09/23 01:00:51,571915000 AM','DD/MM/RR HH12:MI:SSXFF AM'),'Requerimiento de prueba',null,'1','1','2','1');
REM INSERTING into DB_CONTROL_INCIDENCIAS.CORE_USUARIO
SET DEFINE OFF;
Insert into DB_CONTROL_INCIDENCIAS.CORE_USUARIO (ID,RUT,TELEFONO,FECHA_NACIMIENTO,ROLE,USER_ID) values ('1','10020030',null,to_date('01/01/90','DD/MM/RR'),'admin','1');
Insert into DB_CONTROL_INCIDENCIAS.CORE_USUARIO (ID,RUT,TELEFONO,FECHA_NACIMIENTO,ROLE,USER_ID) values ('2','12345678',null,to_date('20/09/00','DD/MM/RR'),'cliente','2');
REM INSERTING into DB_CONTROL_INCIDENCIAS.DJANGO_ADMIN_LOG
SET DEFINE OFF;
REM INSERTING into DB_CONTROL_INCIDENCIAS.DJANGO_CONTENT_TYPE
SET DEFINE OFF;
Insert into DB_CONTROL_INCIDENCIAS.DJANGO_CONTENT_TYPE (ID,APP_LABEL,MODEL) values ('1','admin','logentry');
Insert into DB_CONTROL_INCIDENCIAS.DJANGO_CONTENT_TYPE (ID,APP_LABEL,MODEL) values ('2','auth','permission');
Insert into DB_CONTROL_INCIDENCIAS.DJANGO_CONTENT_TYPE (ID,APP_LABEL,MODEL) values ('3','auth','group');
Insert into DB_CONTROL_INCIDENCIAS.DJANGO_CONTENT_TYPE (ID,APP_LABEL,MODEL) values ('4','auth','user');
Insert into DB_CONTROL_INCIDENCIAS.DJANGO_CONTENT_TYPE (ID,APP_LABEL,MODEL) values ('5','contenttypes','contenttype');
Insert into DB_CONTROL_INCIDENCIAS.DJANGO_CONTENT_TYPE (ID,APP_LABEL,MODEL) values ('6','sessions','session');
Insert into DB_CONTROL_INCIDENCIAS.DJANGO_CONTENT_TYPE (ID,APP_LABEL,MODEL) values ('7','core','area');
Insert into DB_CONTROL_INCIDENCIAS.DJANGO_CONTENT_TYPE (ID,APP_LABEL,MODEL) values ('8','core','estado');
Insert into DB_CONTROL_INCIDENCIAS.DJANGO_CONTENT_TYPE (ID,APP_LABEL,MODEL) values ('9','core','usuario');
Insert into DB_CONTROL_INCIDENCIAS.DJANGO_CONTENT_TYPE (ID,APP_LABEL,MODEL) values ('10','core','requerimiento');
REM INSERTING into DB_CONTROL_INCIDENCIAS.DJANGO_MIGRATIONS
SET DEFINE OFF;
Insert into DB_CONTROL_INCIDENCIAS.DJANGO_MIGRATIONS (ID,APP,NAME,APPLIED) values ('1','contenttypes','0001_initial',to_timestamp('21/09/23 12:52:22,396993000 AM','DD/MM/RR HH12:MI:SSXFF AM'));
Insert into DB_CONTROL_INCIDENCIAS.DJANGO_MIGRATIONS (ID,APP,NAME,APPLIED) values ('2','auth','0001_initial',to_timestamp('21/09/23 12:52:22,517033000 AM','DD/MM/RR HH12:MI:SSXFF AM'));
Insert into DB_CONTROL_INCIDENCIAS.DJANGO_MIGRATIONS (ID,APP,NAME,APPLIED) values ('3','admin','0001_initial',to_timestamp('21/09/23 12:52:22,559032000 AM','DD/MM/RR HH12:MI:SSXFF AM'));
Insert into DB_CONTROL_INCIDENCIAS.DJANGO_MIGRATIONS (ID,APP,NAME,APPLIED) values ('4','admin','0002_logentry_remove_auto_add',to_timestamp('21/09/23 12:52:22,574033000 AM','DD/MM/RR HH12:MI:SSXFF AM'));
Insert into DB_CONTROL_INCIDENCIAS.DJANGO_MIGRATIONS (ID,APP,NAME,APPLIED) values ('5','admin','0003_logentry_add_action_flag_choices',to_timestamp('21/09/23 12:52:22,588034000 AM','DD/MM/RR HH12:MI:SSXFF AM'));
Insert into DB_CONTROL_INCIDENCIAS.DJANGO_MIGRATIONS (ID,APP,NAME,APPLIED) values ('6','contenttypes','0002_remove_content_type_name',to_timestamp('21/09/23 12:52:22,776076000 AM','DD/MM/RR HH12:MI:SSXFF AM'));
Insert into DB_CONTROL_INCIDENCIAS.DJANGO_MIGRATIONS (ID,APP,NAME,APPLIED) values ('7','auth','0002_alter_permission_name_max_length',to_timestamp('21/09/23 12:52:22,804598000 AM','DD/MM/RR HH12:MI:SSXFF AM'));
Insert into DB_CONTROL_INCIDENCIAS.DJANGO_MIGRATIONS (ID,APP,NAME,APPLIED) values ('8','auth','0003_alter_user_email_max_length',to_timestamp('21/09/23 12:52:22,822595000 AM','DD/MM/RR HH12:MI:SSXFF AM'));
Insert into DB_CONTROL_INCIDENCIAS.DJANGO_MIGRATIONS (ID,APP,NAME,APPLIED) values ('9','auth','0004_alter_user_username_opts',to_timestamp('21/09/23 12:52:22,836596000 AM','DD/MM/RR HH12:MI:SSXFF AM'));
Insert into DB_CONTROL_INCIDENCIAS.DJANGO_MIGRATIONS (ID,APP,NAME,APPLIED) values ('10','auth','0005_alter_user_last_login_null',to_timestamp('21/09/23 12:52:22,857597000 AM','DD/MM/RR HH12:MI:SSXFF AM'));
Insert into DB_CONTROL_INCIDENCIAS.DJANGO_MIGRATIONS (ID,APP,NAME,APPLIED) values ('11','auth','0006_require_contenttypes_0002',to_timestamp('21/09/23 12:52:22,868594000 AM','DD/MM/RR HH12:MI:SSXFF AM'));
Insert into DB_CONTROL_INCIDENCIAS.DJANGO_MIGRATIONS (ID,APP,NAME,APPLIED) values ('12','auth','0007_alter_validators_add_error_messages',to_timestamp('21/09/23 12:52:22,884595000 AM','DD/MM/RR HH12:MI:SSXFF AM'));
Insert into DB_CONTROL_INCIDENCIAS.DJANGO_MIGRATIONS (ID,APP,NAME,APPLIED) values ('13','auth','0008_alter_user_username_max_length',to_timestamp('21/09/23 12:52:22,902601000 AM','DD/MM/RR HH12:MI:SSXFF AM'));
Insert into DB_CONTROL_INCIDENCIAS.DJANGO_MIGRATIONS (ID,APP,NAME,APPLIED) values ('14','auth','0009_alter_user_last_name_max_length',to_timestamp('21/09/23 12:52:22,922119000 AM','DD/MM/RR HH12:MI:SSXFF AM'));
Insert into DB_CONTROL_INCIDENCIAS.DJANGO_MIGRATIONS (ID,APP,NAME,APPLIED) values ('15','auth','0010_alter_group_name_max_length',to_timestamp('21/09/23 12:52:22,941120000 AM','DD/MM/RR HH12:MI:SSXFF AM'));
Insert into DB_CONTROL_INCIDENCIAS.DJANGO_MIGRATIONS (ID,APP,NAME,APPLIED) values ('16','auth','0011_update_proxy_permissions',to_timestamp('21/09/23 12:52:22,956121000 AM','DD/MM/RR HH12:MI:SSXFF AM'));
Insert into DB_CONTROL_INCIDENCIAS.DJANGO_MIGRATIONS (ID,APP,NAME,APPLIED) values ('17','auth','0012_alter_user_first_name_max_length',to_timestamp('21/09/23 12:52:22,973120000 AM','DD/MM/RR HH12:MI:SSXFF AM'));
Insert into DB_CONTROL_INCIDENCIAS.DJANGO_MIGRATIONS (ID,APP,NAME,APPLIED) values ('18','core','0001_initial',to_timestamp('21/09/23 12:52:23,051639000 AM','DD/MM/RR HH12:MI:SSXFF AM'));
Insert into DB_CONTROL_INCIDENCIAS.DJANGO_MIGRATIONS (ID,APP,NAME,APPLIED) values ('19','sessions','0001_initial',to_timestamp('21/09/23 12:52:23,070638000 AM','DD/MM/RR HH12:MI:SSXFF AM'));
REM INSERTING into DB_CONTROL_INCIDENCIAS.DJANGO_SESSION
SET DEFINE OFF;
Insert into DB_CONTROL_INCIDENCIAS.DJANGO_SESSION (SESSION_KEY,EXPIRE_DATE) values ('6cadbn4fibxfnrc9ltikg1wcpru8piw6',to_timestamp('05/10/23 01:01:26,826997000 AM','DD/MM/RR HH12:MI:SSXFF AM'));
--------------------------------------------------------
--  DDL for Index AUTH_GROU_GROUP_ID__0CD325B0_U
--------------------------------------------------------

  CREATE UNIQUE INDEX "DB_CONTROL_INCIDENCIAS"."AUTH_GROU_GROUP_ID__0CD325B0_U" ON "DB_CONTROL_INCIDENCIAS"."AUTH_GROUP_PERMISSIONS" ("GROUP_ID", "PERMISSION_ID") 
  PCTFREE 10 INITRANS 2 MAXTRANS 255 COMPUTE STATISTICS 
  TABLESPACE "USERS" ;
--------------------------------------------------------
--  DDL for Index AUTH_PERM_CONTENT_T_01AB375A_U
--------------------------------------------------------

  CREATE UNIQUE INDEX "DB_CONTROL_INCIDENCIAS"."AUTH_PERM_CONTENT_T_01AB375A_U" ON "DB_CONTROL_INCIDENCIAS"."AUTH_PERMISSION" ("CONTENT_TYPE_ID", "CODENAME") 
  PCTFREE 10 INITRANS 2 MAXTRANS 255 COMPUTE STATISTICS 
  STORAGE(INITIAL 65536 NEXT 1048576 MINEXTENTS 1 MAXEXTENTS 2147483645
  PCTINCREASE 0 FREELISTS 1 FREELIST GROUPS 1
  BUFFER_POOL DEFAULT FLASH_CACHE DEFAULT CELL_FLASH_CACHE DEFAULT)
  TABLESPACE "USERS" ;
--------------------------------------------------------
--  DDL for Index AUTH_USER_USER_ID_G_94350C0C_U
--------------------------------------------------------

  CREATE UNIQUE INDEX "DB_CONTROL_INCIDENCIAS"."AUTH_USER_USER_ID_G_94350C0C_U" ON "DB_CONTROL_INCIDENCIAS"."AUTH_USER_GROUPS" ("USER_ID", "GROUP_ID") 
  PCTFREE 10 INITRANS 2 MAXTRANS 255 COMPUTE STATISTICS 
  TABLESPACE "USERS" ;
--------------------------------------------------------
--  DDL for Index AUTH_USER_USER_ID_P_14A6B632_U
--------------------------------------------------------

  CREATE UNIQUE INDEX "DB_CONTROL_INCIDENCIAS"."AUTH_USER_USER_ID_P_14A6B632_U" ON "DB_CONTROL_INCIDENCIAS"."AUTH_USER_USER_PERMISSIONS" ("USER_ID", "PERMISSION_ID") 
  PCTFREE 10 INITRANS 2 MAXTRANS 255 COMPUTE STATISTICS 
  TABLESPACE "USERS" ;
--------------------------------------------------------
--  DDL for Index DJANGO_CO_APP_LABEL_76BD3D3B_U
--------------------------------------------------------

  CREATE UNIQUE INDEX "DB_CONTROL_INCIDENCIAS"."DJANGO_CO_APP_LABEL_76BD3D3B_U" ON "DB_CONTROL_INCIDENCIAS"."DJANGO_CONTENT_TYPE" ("APP_LABEL", "MODEL") 
  PCTFREE 10 INITRANS 2 MAXTRANS 255 COMPUTE STATISTICS 
  STORAGE(INITIAL 65536 NEXT 1048576 MINEXTENTS 1 MAXEXTENTS 2147483645
  PCTINCREASE 0 FREELISTS 1 FREELIST GROUPS 1
  BUFFER_POOL DEFAULT FLASH_CACHE DEFAULT CELL_FLASH_CACHE DEFAULT)
  TABLESPACE "USERS" ;
--------------------------------------------------------
--  DDL for Index AUTH_GROUP_GROUP_ID_B120CBF9
--------------------------------------------------------

  CREATE INDEX "DB_CONTROL_INCIDENCIAS"."AUTH_GROUP_GROUP_ID_B120CBF9" ON "DB_CONTROL_INCIDENCIAS"."AUTH_GROUP_PERMISSIONS" ("GROUP_ID") 
  PCTFREE 10 INITRANS 2 MAXTRANS 255 COMPUTE STATISTICS 
  TABLESPACE "USERS" ;
--------------------------------------------------------
--  DDL for Index AUTH_USER__USER_ID_6A12ED8B
--------------------------------------------------------

  CREATE INDEX "DB_CONTROL_INCIDENCIAS"."AUTH_USER__USER_ID_6A12ED8B" ON "DB_CONTROL_INCIDENCIAS"."AUTH_USER_GROUPS" ("USER_ID") 
  PCTFREE 10 INITRANS 2 MAXTRANS 255 COMPUTE STATISTICS 
  TABLESPACE "USERS" ;
--------------------------------------------------------
--  DDL for Index CORE_REQUE_AREA_ID_E2B35569
--------------------------------------------------------

  CREATE INDEX "DB_CONTROL_INCIDENCIAS"."CORE_REQUE_AREA_ID_E2B35569" ON "DB_CONTROL_INCIDENCIAS"."CORE_REQUERIMIENTO" ("AREA_ID") 
  PCTFREE 10 INITRANS 2 MAXTRANS 255 COMPUTE STATISTICS 
  STORAGE(INITIAL 65536 NEXT 1048576 MINEXTENTS 1 MAXEXTENTS 2147483645
  PCTINCREASE 0 FREELISTS 1 FREELIST GROUPS 1
  BUFFER_POOL DEFAULT FLASH_CACHE DEFAULT CELL_FLASH_CACHE DEFAULT)
  TABLESPACE "USERS" ;
--------------------------------------------------------
--  DDL for Index AUTH_USER__GROUP_ID_97559544
--------------------------------------------------------

  CREATE INDEX "DB_CONTROL_INCIDENCIAS"."AUTH_USER__GROUP_ID_97559544" ON "DB_CONTROL_INCIDENCIAS"."AUTH_USER_GROUPS" ("GROUP_ID") 
  PCTFREE 10 INITRANS 2 MAXTRANS 255 COMPUTE STATISTICS 
  TABLESPACE "USERS" ;
--------------------------------------------------------
--  DDL for Index AUTH_GROUP_PERMISSION_84C5C92E
--------------------------------------------------------

  CREATE INDEX "DB_CONTROL_INCIDENCIAS"."AUTH_GROUP_PERMISSION_84C5C92E" ON "DB_CONTROL_INCIDENCIAS"."AUTH_GROUP_PERMISSIONS" ("PERMISSION_ID") 
  PCTFREE 10 INITRANS 2 MAXTRANS 255 COMPUTE STATISTICS 
  TABLESPACE "USERS" ;
--------------------------------------------------------
--  DDL for Index DJANGO_ADM_CONTENT_TY_C4BCE8EB
--------------------------------------------------------

  CREATE INDEX "DB_CONTROL_INCIDENCIAS"."DJANGO_ADM_CONTENT_TY_C4BCE8EB" ON "DB_CONTROL_INCIDENCIAS"."DJANGO_ADMIN_LOG" ("CONTENT_TYPE_ID") 
  PCTFREE 10 INITRANS 2 MAXTRANS 255 COMPUTE STATISTICS 
  TABLESPACE "USERS" ;
--------------------------------------------------------
--  DDL for Index DJANGO_SES_EXPIRE_DAT_A5C62663
--------------------------------------------------------

  CREATE INDEX "DB_CONTROL_INCIDENCIAS"."DJANGO_SES_EXPIRE_DAT_A5C62663" ON "DB_CONTROL_INCIDENCIAS"."DJANGO_SESSION" ("EXPIRE_DATE") 
  PCTFREE 10 INITRANS 2 MAXTRANS 255 COMPUTE STATISTICS 
  STORAGE(INITIAL 65536 NEXT 1048576 MINEXTENTS 1 MAXEXTENTS 2147483645
  PCTINCREASE 0 FREELISTS 1 FREELIST GROUPS 1
  BUFFER_POOL DEFAULT FLASH_CACHE DEFAULT CELL_FLASH_CACHE DEFAULT)
  TABLESPACE "USERS" ;
--------------------------------------------------------
--  DDL for Index AUTH_PERMI_CONTENT_TY_2F476E4B
--------------------------------------------------------

  CREATE INDEX "DB_CONTROL_INCIDENCIAS"."AUTH_PERMI_CONTENT_TY_2F476E4B" ON "DB_CONTROL_INCIDENCIAS"."AUTH_PERMISSION" ("CONTENT_TYPE_ID") 
  PCTFREE 10 INITRANS 2 MAXTRANS 255 COMPUTE STATISTICS 
  STORAGE(INITIAL 65536 NEXT 1048576 MINEXTENTS 1 MAXEXTENTS 2147483645
  PCTINCREASE 0 FREELISTS 1 FREELIST GROUPS 1
  BUFFER_POOL DEFAULT FLASH_CACHE DEFAULT CELL_FLASH_CACHE DEFAULT)
  TABLESPACE "USERS" ;
--------------------------------------------------------
--  DDL for Index CORE_REQUE_USUARIO_RE_95A8A65C
--------------------------------------------------------

  CREATE INDEX "DB_CONTROL_INCIDENCIAS"."CORE_REQUE_USUARIO_RE_95A8A65C" ON "DB_CONTROL_INCIDENCIAS"."CORE_REQUERIMIENTO" ("USUARIO_REPORTA_ID") 
  PCTFREE 10 INITRANS 2 MAXTRANS 255 COMPUTE STATISTICS 
  STORAGE(INITIAL 65536 NEXT 1048576 MINEXTENTS 1 MAXEXTENTS 2147483645
  PCTINCREASE 0 FREELISTS 1 FREELIST GROUPS 1
  BUFFER_POOL DEFAULT FLASH_CACHE DEFAULT CELL_FLASH_CACHE DEFAULT)
  TABLESPACE "USERS" ;
--------------------------------------------------------
--  DDL for Index DJANGO_ADM_USER_ID_C564EBA6
--------------------------------------------------------

  CREATE INDEX "DB_CONTROL_INCIDENCIAS"."DJANGO_ADM_USER_ID_C564EBA6" ON "DB_CONTROL_INCIDENCIAS"."DJANGO_ADMIN_LOG" ("USER_ID") 
  PCTFREE 10 INITRANS 2 MAXTRANS 255 COMPUTE STATISTICS 
  TABLESPACE "USERS" ;
--------------------------------------------------------
--  DDL for Index CORE_REQUE_USUARIO_AS_CA603E0E
--------------------------------------------------------

  CREATE INDEX "DB_CONTROL_INCIDENCIAS"."CORE_REQUE_USUARIO_AS_CA603E0E" ON "DB_CONTROL_INCIDENCIAS"."CORE_REQUERIMIENTO" ("USUARIO_ASIGNADO_ID") 
  PCTFREE 10 INITRANS 2 MAXTRANS 255 COMPUTE STATISTICS 
  STORAGE(INITIAL 65536 NEXT 1048576 MINEXTENTS 1 MAXEXTENTS 2147483645
  PCTINCREASE 0 FREELISTS 1 FREELIST GROUPS 1
  BUFFER_POOL DEFAULT FLASH_CACHE DEFAULT CELL_FLASH_CACHE DEFAULT)
  TABLESPACE "USERS" ;
--------------------------------------------------------
--  DDL for Index AUTH_USER__USER_ID_A95EAD1B
--------------------------------------------------------

  CREATE INDEX "DB_CONTROL_INCIDENCIAS"."AUTH_USER__USER_ID_A95EAD1B" ON "DB_CONTROL_INCIDENCIAS"."AUTH_USER_USER_PERMISSIONS" ("USER_ID") 
  PCTFREE 10 INITRANS 2 MAXTRANS 255 COMPUTE STATISTICS 
  TABLESPACE "USERS" ;
--------------------------------------------------------
--  DDL for Index AUTH_USER__PERMISSION_1FBB5F2C
--------------------------------------------------------

  CREATE INDEX "DB_CONTROL_INCIDENCIAS"."AUTH_USER__PERMISSION_1FBB5F2C" ON "DB_CONTROL_INCIDENCIAS"."AUTH_USER_USER_PERMISSIONS" ("PERMISSION_ID") 
  PCTFREE 10 INITRANS 2 MAXTRANS 255 COMPUTE STATISTICS 
  TABLESPACE "USERS" ;
--------------------------------------------------------
--  DDL for Index CORE_REQUE_ESTADO_ID_1F4EA0B8
--------------------------------------------------------

  CREATE INDEX "DB_CONTROL_INCIDENCIAS"."CORE_REQUE_ESTADO_ID_1F4EA0B8" ON "DB_CONTROL_INCIDENCIAS"."CORE_REQUERIMIENTO" ("ESTADO_ID") 
  PCTFREE 10 INITRANS 2 MAXTRANS 255 COMPUTE STATISTICS 
  STORAGE(INITIAL 65536 NEXT 1048576 MINEXTENTS 1 MAXEXTENTS 2147483645
  PCTINCREASE 0 FREELISTS 1 FREELIST GROUPS 1
  BUFFER_POOL DEFAULT FLASH_CACHE DEFAULT CELL_FLASH_CACHE DEFAULT)
  TABLESPACE "USERS" ;
--------------------------------------------------------
--  Constraints for Table DJANGO_ADMIN_LOG
--------------------------------------------------------

  ALTER TABLE "DB_CONTROL_INCIDENCIAS"."DJANGO_ADMIN_LOG" MODIFY ("ID" NOT NULL ENABLE);
  ALTER TABLE "DB_CONTROL_INCIDENCIAS"."DJANGO_ADMIN_LOG" MODIFY ("ACTION_TIME" NOT NULL ENABLE);
  ALTER TABLE "DB_CONTROL_INCIDENCIAS"."DJANGO_ADMIN_LOG" MODIFY ("ACTION_FLAG" NOT NULL ENABLE);
  ALTER TABLE "DB_CONTROL_INCIDENCIAS"."DJANGO_ADMIN_LOG" MODIFY ("USER_ID" NOT NULL ENABLE);
  ALTER TABLE "DB_CONTROL_INCIDENCIAS"."DJANGO_ADMIN_LOG" ADD CHECK ("ACTION_FLAG" >= 0) ENABLE;
  ALTER TABLE "DB_CONTROL_INCIDENCIAS"."DJANGO_ADMIN_LOG" ADD PRIMARY KEY ("ID")
  USING INDEX PCTFREE 10 INITRANS 2 MAXTRANS 255 
  TABLESPACE "USERS"  ENABLE;
--------------------------------------------------------
--  Constraints for Table AUTH_USER_GROUPS
--------------------------------------------------------

  ALTER TABLE "DB_CONTROL_INCIDENCIAS"."AUTH_USER_GROUPS" MODIFY ("ID" NOT NULL ENABLE);
  ALTER TABLE "DB_CONTROL_INCIDENCIAS"."AUTH_USER_GROUPS" MODIFY ("USER_ID" NOT NULL ENABLE);
  ALTER TABLE "DB_CONTROL_INCIDENCIAS"."AUTH_USER_GROUPS" MODIFY ("GROUP_ID" NOT NULL ENABLE);
  ALTER TABLE "DB_CONTROL_INCIDENCIAS"."AUTH_USER_GROUPS" ADD PRIMARY KEY ("ID")
  USING INDEX PCTFREE 10 INITRANS 2 MAXTRANS 255 
  TABLESPACE "USERS"  ENABLE;
  ALTER TABLE "DB_CONTROL_INCIDENCIAS"."AUTH_USER_GROUPS" ADD CONSTRAINT "AUTH_USER_USER_ID_G_94350C0C_U" UNIQUE ("USER_ID", "GROUP_ID")
  USING INDEX PCTFREE 10 INITRANS 2 MAXTRANS 255 COMPUTE STATISTICS 
  TABLESPACE "USERS"  ENABLE;
--------------------------------------------------------
--  Constraints for Table DJANGO_SESSION
--------------------------------------------------------

  ALTER TABLE "DB_CONTROL_INCIDENCIAS"."DJANGO_SESSION" MODIFY ("SESSION_KEY" NOT NULL ENABLE);
  ALTER TABLE "DB_CONTROL_INCIDENCIAS"."DJANGO_SESSION" MODIFY ("EXPIRE_DATE" NOT NULL ENABLE);
  ALTER TABLE "DB_CONTROL_INCIDENCIAS"."DJANGO_SESSION" ADD PRIMARY KEY ("SESSION_KEY")
  USING INDEX PCTFREE 10 INITRANS 2 MAXTRANS 255 
  STORAGE(INITIAL 65536 NEXT 1048576 MINEXTENTS 1 MAXEXTENTS 2147483645
  PCTINCREASE 0 FREELISTS 1 FREELIST GROUPS 1
  BUFFER_POOL DEFAULT FLASH_CACHE DEFAULT CELL_FLASH_CACHE DEFAULT)
  TABLESPACE "USERS"  ENABLE;
--------------------------------------------------------
--  Constraints for Table AUTH_GROUP
--------------------------------------------------------

  ALTER TABLE "DB_CONTROL_INCIDENCIAS"."AUTH_GROUP" MODIFY ("ID" NOT NULL ENABLE);
  ALTER TABLE "DB_CONTROL_INCIDENCIAS"."AUTH_GROUP" ADD PRIMARY KEY ("ID")
  USING INDEX PCTFREE 10 INITRANS 2 MAXTRANS 255 
  TABLESPACE "USERS"  ENABLE;
  ALTER TABLE "DB_CONTROL_INCIDENCIAS"."AUTH_GROUP" ADD UNIQUE ("NAME")
  USING INDEX PCTFREE 10 INITRANS 2 MAXTRANS 255 
  TABLESPACE "USERS"  ENABLE;
--------------------------------------------------------
--  Constraints for Table AUTH_PERMISSION
--------------------------------------------------------

  ALTER TABLE "DB_CONTROL_INCIDENCIAS"."AUTH_PERMISSION" MODIFY ("ID" NOT NULL ENABLE);
  ALTER TABLE "DB_CONTROL_INCIDENCIAS"."AUTH_PERMISSION" MODIFY ("CONTENT_TYPE_ID" NOT NULL ENABLE);
  ALTER TABLE "DB_CONTROL_INCIDENCIAS"."AUTH_PERMISSION" ADD PRIMARY KEY ("ID")
  USING INDEX PCTFREE 10 INITRANS 2 MAXTRANS 255 
  STORAGE(INITIAL 65536 NEXT 1048576 MINEXTENTS 1 MAXEXTENTS 2147483645
  PCTINCREASE 0 FREELISTS 1 FREELIST GROUPS 1
  BUFFER_POOL DEFAULT FLASH_CACHE DEFAULT CELL_FLASH_CACHE DEFAULT)
  TABLESPACE "USERS"  ENABLE;
  ALTER TABLE "DB_CONTROL_INCIDENCIAS"."AUTH_PERMISSION" ADD CONSTRAINT "AUTH_PERM_CONTENT_T_01AB375A_U" UNIQUE ("CONTENT_TYPE_ID", "CODENAME")
  USING INDEX PCTFREE 10 INITRANS 2 MAXTRANS 255 COMPUTE STATISTICS 
  STORAGE(INITIAL 65536 NEXT 1048576 MINEXTENTS 1 MAXEXTENTS 2147483645
  PCTINCREASE 0 FREELISTS 1 FREELIST GROUPS 1
  BUFFER_POOL DEFAULT FLASH_CACHE DEFAULT CELL_FLASH_CACHE DEFAULT)
  TABLESPACE "USERS"  ENABLE;
--------------------------------------------------------
--  Constraints for Table DJANGO_MIGRATIONS
--------------------------------------------------------

  ALTER TABLE "DB_CONTROL_INCIDENCIAS"."DJANGO_MIGRATIONS" MODIFY ("ID" NOT NULL ENABLE);
  ALTER TABLE "DB_CONTROL_INCIDENCIAS"."DJANGO_MIGRATIONS" MODIFY ("APPLIED" NOT NULL ENABLE);
  ALTER TABLE "DB_CONTROL_INCIDENCIAS"."DJANGO_MIGRATIONS" ADD PRIMARY KEY ("ID")
  USING INDEX PCTFREE 10 INITRANS 2 MAXTRANS 255 
  STORAGE(INITIAL 65536 NEXT 1048576 MINEXTENTS 1 MAXEXTENTS 2147483645
  PCTINCREASE 0 FREELISTS 1 FREELIST GROUPS 1
  BUFFER_POOL DEFAULT FLASH_CACHE DEFAULT CELL_FLASH_CACHE DEFAULT)
  TABLESPACE "USERS"  ENABLE;
--------------------------------------------------------
--  Constraints for Table DJANGO_CONTENT_TYPE
--------------------------------------------------------

  ALTER TABLE "DB_CONTROL_INCIDENCIAS"."DJANGO_CONTENT_TYPE" MODIFY ("ID" NOT NULL ENABLE);
  ALTER TABLE "DB_CONTROL_INCIDENCIAS"."DJANGO_CONTENT_TYPE" ADD PRIMARY KEY ("ID")
  USING INDEX PCTFREE 10 INITRANS 2 MAXTRANS 255 
  STORAGE(INITIAL 65536 NEXT 1048576 MINEXTENTS 1 MAXEXTENTS 2147483645
  PCTINCREASE 0 FREELISTS 1 FREELIST GROUPS 1
  BUFFER_POOL DEFAULT FLASH_CACHE DEFAULT CELL_FLASH_CACHE DEFAULT)
  TABLESPACE "USERS"  ENABLE;
  ALTER TABLE "DB_CONTROL_INCIDENCIAS"."DJANGO_CONTENT_TYPE" ADD CONSTRAINT "DJANGO_CO_APP_LABEL_76BD3D3B_U" UNIQUE ("APP_LABEL", "MODEL")
  USING INDEX PCTFREE 10 INITRANS 2 MAXTRANS 255 COMPUTE STATISTICS 
  STORAGE(INITIAL 65536 NEXT 1048576 MINEXTENTS 1 MAXEXTENTS 2147483645
  PCTINCREASE 0 FREELISTS 1 FREELIST GROUPS 1
  BUFFER_POOL DEFAULT FLASH_CACHE DEFAULT CELL_FLASH_CACHE DEFAULT)
  TABLESPACE "USERS"  ENABLE;
--------------------------------------------------------
--  Constraints for Table AUTH_GROUP_PERMISSIONS
--------------------------------------------------------

  ALTER TABLE "DB_CONTROL_INCIDENCIAS"."AUTH_GROUP_PERMISSIONS" MODIFY ("ID" NOT NULL ENABLE);
  ALTER TABLE "DB_CONTROL_INCIDENCIAS"."AUTH_GROUP_PERMISSIONS" MODIFY ("GROUP_ID" NOT NULL ENABLE);
  ALTER TABLE "DB_CONTROL_INCIDENCIAS"."AUTH_GROUP_PERMISSIONS" MODIFY ("PERMISSION_ID" NOT NULL ENABLE);
  ALTER TABLE "DB_CONTROL_INCIDENCIAS"."AUTH_GROUP_PERMISSIONS" ADD PRIMARY KEY ("ID")
  USING INDEX PCTFREE 10 INITRANS 2 MAXTRANS 255 
  TABLESPACE "USERS"  ENABLE;
  ALTER TABLE "DB_CONTROL_INCIDENCIAS"."AUTH_GROUP_PERMISSIONS" ADD CONSTRAINT "AUTH_GROU_GROUP_ID__0CD325B0_U" UNIQUE ("GROUP_ID", "PERMISSION_ID")
  USING INDEX PCTFREE 10 INITRANS 2 MAXTRANS 255 COMPUTE STATISTICS 
  TABLESPACE "USERS"  ENABLE;
--------------------------------------------------------
--  Constraints for Table CORE_USUARIO
--------------------------------------------------------

  ALTER TABLE "DB_CONTROL_INCIDENCIAS"."CORE_USUARIO" MODIFY ("ID" NOT NULL ENABLE);
  ALTER TABLE "DB_CONTROL_INCIDENCIAS"."CORE_USUARIO" MODIFY ("FECHA_NACIMIENTO" NOT NULL ENABLE);
  ALTER TABLE "DB_CONTROL_INCIDENCIAS"."CORE_USUARIO" MODIFY ("USER_ID" NOT NULL ENABLE);
  ALTER TABLE "DB_CONTROL_INCIDENCIAS"."CORE_USUARIO" ADD PRIMARY KEY ("ID")
  USING INDEX PCTFREE 10 INITRANS 2 MAXTRANS 255 
  STORAGE(INITIAL 65536 NEXT 1048576 MINEXTENTS 1 MAXEXTENTS 2147483645
  PCTINCREASE 0 FREELISTS 1 FREELIST GROUPS 1
  BUFFER_POOL DEFAULT FLASH_CACHE DEFAULT CELL_FLASH_CACHE DEFAULT)
  TABLESPACE "USERS"  ENABLE;
  ALTER TABLE "DB_CONTROL_INCIDENCIAS"."CORE_USUARIO" ADD UNIQUE ("RUT")
  USING INDEX PCTFREE 10 INITRANS 2 MAXTRANS 255 
  STORAGE(INITIAL 65536 NEXT 1048576 MINEXTENTS 1 MAXEXTENTS 2147483645
  PCTINCREASE 0 FREELISTS 1 FREELIST GROUPS 1
  BUFFER_POOL DEFAULT FLASH_CACHE DEFAULT CELL_FLASH_CACHE DEFAULT)
  TABLESPACE "USERS"  ENABLE;
  ALTER TABLE "DB_CONTROL_INCIDENCIAS"."CORE_USUARIO" ADD UNIQUE ("USER_ID")
  USING INDEX PCTFREE 10 INITRANS 2 MAXTRANS 255 
  STORAGE(INITIAL 65536 NEXT 1048576 MINEXTENTS 1 MAXEXTENTS 2147483645
  PCTINCREASE 0 FREELISTS 1 FREELIST GROUPS 1
  BUFFER_POOL DEFAULT FLASH_CACHE DEFAULT CELL_FLASH_CACHE DEFAULT)
  TABLESPACE "USERS"  ENABLE;
--------------------------------------------------------
--  Constraints for Table AUTH_USER_USER_PERMISSIONS
--------------------------------------------------------

  ALTER TABLE "DB_CONTROL_INCIDENCIAS"."AUTH_USER_USER_PERMISSIONS" MODIFY ("ID" NOT NULL ENABLE);
  ALTER TABLE "DB_CONTROL_INCIDENCIAS"."AUTH_USER_USER_PERMISSIONS" MODIFY ("USER_ID" NOT NULL ENABLE);
  ALTER TABLE "DB_CONTROL_INCIDENCIAS"."AUTH_USER_USER_PERMISSIONS" MODIFY ("PERMISSION_ID" NOT NULL ENABLE);
  ALTER TABLE "DB_CONTROL_INCIDENCIAS"."AUTH_USER_USER_PERMISSIONS" ADD PRIMARY KEY ("ID")
  USING INDEX PCTFREE 10 INITRANS 2 MAXTRANS 255 
  TABLESPACE "USERS"  ENABLE;
  ALTER TABLE "DB_CONTROL_INCIDENCIAS"."AUTH_USER_USER_PERMISSIONS" ADD CONSTRAINT "AUTH_USER_USER_ID_P_14A6B632_U" UNIQUE ("USER_ID", "PERMISSION_ID")
  USING INDEX PCTFREE 10 INITRANS 2 MAXTRANS 255 COMPUTE STATISTICS 
  TABLESPACE "USERS"  ENABLE;
--------------------------------------------------------
--  Constraints for Table CORE_ESTADO
--------------------------------------------------------

  ALTER TABLE "DB_CONTROL_INCIDENCIAS"."CORE_ESTADO" MODIFY ("ID" NOT NULL ENABLE);
  ALTER TABLE "DB_CONTROL_INCIDENCIAS"."CORE_ESTADO" ADD PRIMARY KEY ("ID")
  USING INDEX PCTFREE 10 INITRANS 2 MAXTRANS 255 
  STORAGE(INITIAL 65536 NEXT 1048576 MINEXTENTS 1 MAXEXTENTS 2147483645
  PCTINCREASE 0 FREELISTS 1 FREELIST GROUPS 1
  BUFFER_POOL DEFAULT FLASH_CACHE DEFAULT CELL_FLASH_CACHE DEFAULT)
  TABLESPACE "USERS"  ENABLE;
  ALTER TABLE "DB_CONTROL_INCIDENCIAS"."CORE_ESTADO" ADD UNIQUE ("NOMBRE")
  USING INDEX PCTFREE 10 INITRANS 2 MAXTRANS 255 
  STORAGE(INITIAL 65536 NEXT 1048576 MINEXTENTS 1 MAXEXTENTS 2147483645
  PCTINCREASE 0 FREELISTS 1 FREELIST GROUPS 1
  BUFFER_POOL DEFAULT FLASH_CACHE DEFAULT CELL_FLASH_CACHE DEFAULT)
  TABLESPACE "USERS"  ENABLE;
--------------------------------------------------------
--  Constraints for Table AUTH_USER
--------------------------------------------------------

  ALTER TABLE "DB_CONTROL_INCIDENCIAS"."AUTH_USER" MODIFY ("ID" NOT NULL ENABLE);
  ALTER TABLE "DB_CONTROL_INCIDENCIAS"."AUTH_USER" MODIFY ("IS_SUPERUSER" NOT NULL ENABLE);
  ALTER TABLE "DB_CONTROL_INCIDENCIAS"."AUTH_USER" MODIFY ("IS_STAFF" NOT NULL ENABLE);
  ALTER TABLE "DB_CONTROL_INCIDENCIAS"."AUTH_USER" MODIFY ("IS_ACTIVE" NOT NULL ENABLE);
  ALTER TABLE "DB_CONTROL_INCIDENCIAS"."AUTH_USER" MODIFY ("DATE_JOINED" NOT NULL ENABLE);
  ALTER TABLE "DB_CONTROL_INCIDENCIAS"."AUTH_USER" ADD CHECK ("IS_SUPERUSER" IN (0,1)) ENABLE;
  ALTER TABLE "DB_CONTROL_INCIDENCIAS"."AUTH_USER" ADD CHECK ("IS_STAFF" IN (0,1)) ENABLE;
  ALTER TABLE "DB_CONTROL_INCIDENCIAS"."AUTH_USER" ADD CHECK ("IS_ACTIVE" IN (0,1)) ENABLE;
  ALTER TABLE "DB_CONTROL_INCIDENCIAS"."AUTH_USER" ADD PRIMARY KEY ("ID")
  USING INDEX PCTFREE 10 INITRANS 2 MAXTRANS 255 
  STORAGE(INITIAL 65536 NEXT 1048576 MINEXTENTS 1 MAXEXTENTS 2147483645
  PCTINCREASE 0 FREELISTS 1 FREELIST GROUPS 1
  BUFFER_POOL DEFAULT FLASH_CACHE DEFAULT CELL_FLASH_CACHE DEFAULT)
  TABLESPACE "USERS"  ENABLE;
  ALTER TABLE "DB_CONTROL_INCIDENCIAS"."AUTH_USER" ADD UNIQUE ("USERNAME")
  USING INDEX PCTFREE 10 INITRANS 2 MAXTRANS 255 
  STORAGE(INITIAL 65536 NEXT 1048576 MINEXTENTS 1 MAXEXTENTS 2147483645
  PCTINCREASE 0 FREELISTS 1 FREELIST GROUPS 1
  BUFFER_POOL DEFAULT FLASH_CACHE DEFAULT CELL_FLASH_CACHE DEFAULT)
  TABLESPACE "USERS"  ENABLE;
--------------------------------------------------------
--  Constraints for Table CORE_AREA
--------------------------------------------------------

  ALTER TABLE "DB_CONTROL_INCIDENCIAS"."CORE_AREA" MODIFY ("ID" NOT NULL ENABLE);
  ALTER TABLE "DB_CONTROL_INCIDENCIAS"."CORE_AREA" ADD PRIMARY KEY ("ID")
  USING INDEX PCTFREE 10 INITRANS 2 MAXTRANS 255 
  STORAGE(INITIAL 65536 NEXT 1048576 MINEXTENTS 1 MAXEXTENTS 2147483645
  PCTINCREASE 0 FREELISTS 1 FREELIST GROUPS 1
  BUFFER_POOL DEFAULT FLASH_CACHE DEFAULT CELL_FLASH_CACHE DEFAULT)
  TABLESPACE "USERS"  ENABLE;
  ALTER TABLE "DB_CONTROL_INCIDENCIAS"."CORE_AREA" ADD UNIQUE ("NOMBRE")
  USING INDEX PCTFREE 10 INITRANS 2 MAXTRANS 255 
  STORAGE(INITIAL 65536 NEXT 1048576 MINEXTENTS 1 MAXEXTENTS 2147483645
  PCTINCREASE 0 FREELISTS 1 FREELIST GROUPS 1
  BUFFER_POOL DEFAULT FLASH_CACHE DEFAULT CELL_FLASH_CACHE DEFAULT)
  TABLESPACE "USERS"  ENABLE;
--------------------------------------------------------
--  Constraints for Table CORE_REQUERIMIENTO
--------------------------------------------------------

  ALTER TABLE "DB_CONTROL_INCIDENCIAS"."CORE_REQUERIMIENTO" MODIFY ("ID" NOT NULL ENABLE);
  ALTER TABLE "DB_CONTROL_INCIDENCIAS"."CORE_REQUERIMIENTO" MODIFY ("FECHA_REGISTRO" NOT NULL ENABLE);
  ALTER TABLE "DB_CONTROL_INCIDENCIAS"."CORE_REQUERIMIENTO" MODIFY ("AREA_ID" NOT NULL ENABLE);
  ALTER TABLE "DB_CONTROL_INCIDENCIAS"."CORE_REQUERIMIENTO" MODIFY ("ESTADO_ID" NOT NULL ENABLE);
  ALTER TABLE "DB_CONTROL_INCIDENCIAS"."CORE_REQUERIMIENTO" MODIFY ("USUARIO_REPORTA_ID" NOT NULL ENABLE);
  ALTER TABLE "DB_CONTROL_INCIDENCIAS"."CORE_REQUERIMIENTO" ADD PRIMARY KEY ("ID")
  USING INDEX PCTFREE 10 INITRANS 2 MAXTRANS 255 
  STORAGE(INITIAL 65536 NEXT 1048576 MINEXTENTS 1 MAXEXTENTS 2147483645
  PCTINCREASE 0 FREELISTS 1 FREELIST GROUPS 1
  BUFFER_POOL DEFAULT FLASH_CACHE DEFAULT CELL_FLASH_CACHE DEFAULT)
  TABLESPACE "USERS"  ENABLE;
  ALTER TABLE "DB_CONTROL_INCIDENCIAS"."CORE_REQUERIMIENTO" ADD UNIQUE ("CODIGO")
  USING INDEX PCTFREE 10 INITRANS 2 MAXTRANS 255 
  STORAGE(INITIAL 65536 NEXT 1048576 MINEXTENTS 1 MAXEXTENTS 2147483645
  PCTINCREASE 0 FREELISTS 1 FREELIST GROUPS 1
  BUFFER_POOL DEFAULT FLASH_CACHE DEFAULT CELL_FLASH_CACHE DEFAULT)
  TABLESPACE "USERS"  ENABLE;
--------------------------------------------------------
--  Ref Constraints for Table AUTH_GROUP_PERMISSIONS
--------------------------------------------------------

  ALTER TABLE "DB_CONTROL_INCIDENCIAS"."AUTH_GROUP_PERMISSIONS" ADD CONSTRAINT "AUTH_GROU_GROUP_ID_B120CBF9_F" FOREIGN KEY ("GROUP_ID")
	  REFERENCES "DB_CONTROL_INCIDENCIAS"."AUTH_GROUP" ("ID") DEFERRABLE INITIALLY DEFERRED ENABLE;
  ALTER TABLE "DB_CONTROL_INCIDENCIAS"."AUTH_GROUP_PERMISSIONS" ADD CONSTRAINT "AUTH_GROU_PERMISSIO_84C5C92E_F" FOREIGN KEY ("PERMISSION_ID")
	  REFERENCES "DB_CONTROL_INCIDENCIAS"."AUTH_PERMISSION" ("ID") DEFERRABLE INITIALLY DEFERRED ENABLE;
--------------------------------------------------------
--  Ref Constraints for Table AUTH_PERMISSION
--------------------------------------------------------

  ALTER TABLE "DB_CONTROL_INCIDENCIAS"."AUTH_PERMISSION" ADD CONSTRAINT "AUTH_PERM_CONTENT_T_2F476E4B_F" FOREIGN KEY ("CONTENT_TYPE_ID")
	  REFERENCES "DB_CONTROL_INCIDENCIAS"."DJANGO_CONTENT_TYPE" ("ID") DEFERRABLE INITIALLY DEFERRED ENABLE;
--------------------------------------------------------
--  Ref Constraints for Table AUTH_USER_GROUPS
--------------------------------------------------------

  ALTER TABLE "DB_CONTROL_INCIDENCIAS"."AUTH_USER_GROUPS" ADD CONSTRAINT "AUTH_USER_USER_ID_6A12ED8B_F" FOREIGN KEY ("USER_ID")
	  REFERENCES "DB_CONTROL_INCIDENCIAS"."AUTH_USER" ("ID") DEFERRABLE INITIALLY DEFERRED ENABLE;
  ALTER TABLE "DB_CONTROL_INCIDENCIAS"."AUTH_USER_GROUPS" ADD CONSTRAINT "AUTH_USER_GROUP_ID_97559544_F" FOREIGN KEY ("GROUP_ID")
	  REFERENCES "DB_CONTROL_INCIDENCIAS"."AUTH_GROUP" ("ID") DEFERRABLE INITIALLY DEFERRED ENABLE;
--------------------------------------------------------
--  Ref Constraints for Table AUTH_USER_USER_PERMISSIONS
--------------------------------------------------------

  ALTER TABLE "DB_CONTROL_INCIDENCIAS"."AUTH_USER_USER_PERMISSIONS" ADD CONSTRAINT "AUTH_USER_USER_ID_A95EAD1B_F" FOREIGN KEY ("USER_ID")
	  REFERENCES "DB_CONTROL_INCIDENCIAS"."AUTH_USER" ("ID") DEFERRABLE INITIALLY DEFERRED ENABLE;
  ALTER TABLE "DB_CONTROL_INCIDENCIAS"."AUTH_USER_USER_PERMISSIONS" ADD CONSTRAINT "AUTH_USER_PERMISSIO_1FBB5F2C_F" FOREIGN KEY ("PERMISSION_ID")
	  REFERENCES "DB_CONTROL_INCIDENCIAS"."AUTH_PERMISSION" ("ID") DEFERRABLE INITIALLY DEFERRED ENABLE;
--------------------------------------------------------
--  Ref Constraints for Table CORE_REQUERIMIENTO
--------------------------------------------------------

  ALTER TABLE "DB_CONTROL_INCIDENCIAS"."CORE_REQUERIMIENTO" ADD CONSTRAINT "CORE_REQU_AREA_ID_E2B35569_F" FOREIGN KEY ("AREA_ID")
	  REFERENCES "DB_CONTROL_INCIDENCIAS"."CORE_AREA" ("ID") DEFERRABLE INITIALLY DEFERRED ENABLE;
  ALTER TABLE "DB_CONTROL_INCIDENCIAS"."CORE_REQUERIMIENTO" ADD CONSTRAINT "CORE_REQU_ESTADO_ID_1F4EA0B8_F" FOREIGN KEY ("ESTADO_ID")
	  REFERENCES "DB_CONTROL_INCIDENCIAS"."CORE_ESTADO" ("ID") DEFERRABLE INITIALLY DEFERRED ENABLE;
  ALTER TABLE "DB_CONTROL_INCIDENCIAS"."CORE_REQUERIMIENTO" ADD CONSTRAINT "CORE_REQU_USUARIO_A_CA603E0E_F" FOREIGN KEY ("USUARIO_ASIGNADO_ID")
	  REFERENCES "DB_CONTROL_INCIDENCIAS"."CORE_USUARIO" ("ID") DEFERRABLE INITIALLY DEFERRED ENABLE;
  ALTER TABLE "DB_CONTROL_INCIDENCIAS"."CORE_REQUERIMIENTO" ADD CONSTRAINT "CORE_REQU_USUARIO_R_95A8A65C_F" FOREIGN KEY ("USUARIO_REPORTA_ID")
	  REFERENCES "DB_CONTROL_INCIDENCIAS"."CORE_USUARIO" ("ID") DEFERRABLE INITIALLY DEFERRED ENABLE;
--------------------------------------------------------
--  Ref Constraints for Table CORE_USUARIO
--------------------------------------------------------

  ALTER TABLE "DB_CONTROL_INCIDENCIAS"."CORE_USUARIO" ADD CONSTRAINT "CORE_USUA_USER_ID_19419638_F" FOREIGN KEY ("USER_ID")
	  REFERENCES "DB_CONTROL_INCIDENCIAS"."AUTH_USER" ("ID") DEFERRABLE INITIALLY DEFERRED ENABLE;
--------------------------------------------------------
--  Ref Constraints for Table DJANGO_ADMIN_LOG
--------------------------------------------------------

  ALTER TABLE "DB_CONTROL_INCIDENCIAS"."DJANGO_ADMIN_LOG" ADD CONSTRAINT "DJANGO_AD_CONTENT_T_C4BCE8EB_F" FOREIGN KEY ("CONTENT_TYPE_ID")
	  REFERENCES "DB_CONTROL_INCIDENCIAS"."DJANGO_CONTENT_TYPE" ("ID") DEFERRABLE INITIALLY DEFERRED ENABLE;
  ALTER TABLE "DB_CONTROL_INCIDENCIAS"."DJANGO_ADMIN_LOG" ADD CONSTRAINT "DJANGO_AD_USER_ID_C564EBA6_F" FOREIGN KEY ("USER_ID")
	  REFERENCES "DB_CONTROL_INCIDENCIAS"."AUTH_USER" ("ID") DEFERRABLE INITIALLY DEFERRED ENABLE;
